,Alpha-3 code,URL
0,AFG,https://www.worldometers.info//img/flags/small/tn_af-flag.gif
1,ALB,https://www.worldometers.info//img/flags/small/tn_al-flag.gif
2,DZA,https://www.worldometers.info//img/flags/small/tn_ag-flag.gif
3,AND,https://www.worldometers.info//img/flags/small/tn_an-flag.gif
4,AGO,https://www.worldometers.info//img/flags/small/tn_ao-flag.gif
5,ATG,https://www.worldometers.info//img/flags/small/tn_ac-flag.gif
6,ARG,https://www.worldometers.info//img/flags/small/tn_ar-flag.gif
7,ARM,https://www.worldometers.info//img/flags/small/tn_am-flag.gif
8,AUS,https://www.worldometers.info//img/flags/small/tn_as-flag.gif
9,AUT,https://www.worldometers.info//img/flags/small/tn_au-flag.gif
10,AZE,https://www.worldometers.info//img/flags/small/tn_aj-flag.gif
11,BHS,https://www.worldometers.info//img/flags/small/tn_bf-flag.gif
12,BHR,https://www.worldometers.info//img/flags/small/tn_ba-flag.gif
13,BGD,https://www.worldometers.info//img/flags/small/tn_bg-flag.gif
14,BRB,https://www.worldometers.info//img/flags/small/tn_bb-flag.gif
15,BLR,https://www.worldometers.info//img/flags/small/tn_bo-flag.gif
16,BEL,https://www.worldometers.info//img/flags/small/tn_be-flag.gif
17,BLZ,https://www.worldometers.info//img/flags/small/tn_bh-flag.gif
18,BEN,https://www.worldometers.info//img/flags/small/tn_bn-flag.gif
19,BTN,https://www.worldometers.info//img/flags/small/tn_bt-flag.gif
20,BOL,https://www.worldometers.info//img/flags/small/tn_bl-flag.gif
21,BIH,https://www.worldometers.info//img/flags/small/tn_bk-flag.gif
22,BWA,https://www.worldometers.info//img/flags/small/tn_bc-flag.gif
23,BRA,https://www.worldometers.info//img/flags/small/tn_br-flag.gif
24,BRN,https://www.worldometers.info//img/flags/small/tn_bx-flag.gif
25,BGR,https://www.worldometers.info//img/flags/small/tn_bu-flag.gif
26,BFA,https://www.worldometers.info//img/flags/small/tn_uv-flag.gif
27,BDI,https://www.worldometers.info//img/flags/small/tn_by-flag.gif
28,CPV,https://www.worldometers.info//img/flags/small/tn_cv-flag.gif
29,KHM,https://www.worldometers.info//img/flags/small/tn_cb-flag.gif
30,CMR,https://www.worldometers.info//img/flags/small/tn_cm-flag.gif
31,CAN,https://www.worldometers.info//img/flags/small/tn_ca-flag.gif
32,CAF,https://www.worldometers.info//img/flags/small/tn_ct-flag.gif
33,TCD,https://www.worldometers.info//img/flags/small/tn_cd-flag.gif
34,CHL,https://www.worldometers.info//img/flags/small/tn_ci-flag.gif
35,CHN,https://www.worldometers.info//img/flags/small/tn_ch-flag.gif
36,COL,https://www.worldometers.info//img/flags/small/tn_co-flag.gif
37,COM,https://www.worldometers.info//img/flags/small/tn_cn-flag.gif
38,COD,https://www.worldometers.info//img/flags/small/tn_congo-flag.gif
39,COG,https://www.worldometers.info//img/flags/small/tn_cg-flag.gif
40,CRI,https://www.worldometers.info//img/flags/small/tn_cs-flag.gif
41,CIV,https://www.worldometers.info//img/flags/small/tn_iv-flag.gif
42,HRV,https://www.worldometers.info//img/flags/small/tn_hr-flag.gif
43,CUB,https://www.worldometers.info//img/flags/small/tn_cu-flag.gif
44,CYP,https://www.worldometers.info//img/flags/small/tn_cy-flag.gif
45,CZE,https://www.worldometers.info//img/flags/small/tn_ez-flag.gif
46,DNK,https://www.worldometers.info//img/flags/small/tn_da-flag.gif
47,DJI,https://www.worldometers.info//img/flags/small/tn_dj-flag.gif
48,DMA,https://www.worldometers.info//img/flags/small/tn_do-flag.gif
49,DOM,https://www.worldometers.info//img/flags/small/tn_dr-flag.gif
50,ECU,https://www.worldometers.info//img/flags/small/tn_ec-flag.gif
51,EGY,https://www.worldometers.info//img/flags/small/tn_eg-flag.gif
52,SLV,https://www.worldometers.info//img/flags/small/tn_es-flag.gif
53,GNQ,https://www.worldometers.info//img/flags/small/tn_ek-flag.gif
54,ERI,https://www.worldometers.info//img/flags/small/tn_er-flag.gif
55,EST,https://www.worldometers.info//img/flags/small/tn_en-flag.gif
56,SWZ,https://www.worldometers.info//img/flags/small/tn_wz-flag.gif
57,ETH,https://www.worldometers.info//img/flags/small/tn_et-flag.gif
58,FJI,https://www.worldometers.info//img/flags/small/tn_fj-flag.gif
59,FIN,https://www.worldometers.info//img/flags/small/tn_fi-flag.gif
60,FRA,https://www.worldometers.info//img/flags/small/tn_fr-flag.gif
61,GAB,https://www.worldometers.info//img/flags/small/tn_gb-flag.gif
62,GMB,https://www.worldometers.info//img/flags/small/tn_ga-flag.gif
63,GEO,https://www.worldometers.info//img/flags/small/tn_gg-flag.gif
64,DEU,https://www.worldometers.info//img/flags/small/tn_gm-flag.gif
65,GHA,https://www.worldometers.info//img/flags/small/tn_gh-flag.gif
66,GRC,https://www.worldometers.info//img/flags/small/tn_gr-flag.gif
67,GRD,https://www.worldometers.info//img/flags/small/tn_gj-flag.gif
68,GTM,https://www.worldometers.info//img/flags/small/tn_gt-flag.gif
69,GIN,https://www.worldometers.info//img/flags/small/tn_gv-flag.gif
70,GNB,https://www.worldometers.info//img/flags/small/tn_pu-flag.gif
71,GUY,https://www.worldometers.info//img/flags/small/tn_gy-flag.gif
72,HTI,https://www.worldometers.info//img/flags/small/tn_ha-flag.gif
73,VAT,https://www.worldometers.info//img/flags/small/tn_vt-flag.gif
74,HND,https://www.worldometers.info//img/flags/small/tn_ho-flag.gif
75,HUN,https://www.worldometers.info//img/flags/small/tn_hu-flag.gif
76,ISL,https://www.worldometers.info//img/flags/small/tn_ic-flag.gif
77,IND,https://www.worldometers.info//img/flags/small/tn_in-flag.gif
78,IDN,https://www.worldometers.info//img/flags/small/tn_id-flag.gif
79,IRN,https://www.worldometers.info//img/flags/small/tn_ir-flag.gif
80,IRQ,https://www.worldometers.info//img/flags/small/tn_iz-flag.gif
81,IRL,https://www.worldometers.info//img/flags/small/tn_ei-flag.gif
82,ISR,https://www.worldometers.info//img/flags/small/tn_is-flag.gif
83,ITA,https://www.worldometers.info//img/flags/small/tn_it-flag.gif
84,JAM,https://www.worldometers.info//img/flags/small/tn_jm-flag.gif
85,JPN,https://www.worldometers.info//img/flags/small/tn_ja-flag.gif
86,JOR,https://www.worldometers.info//img/flags/small/tn_jo-flag.gif
87,KAZ,https://www.worldometers.info//img/flags/small/tn_kz-flag.gif
88,KEN,https://www.worldometers.info//img/flags/small/tn_ke-flag.gif
89,KIR,https://www.worldometers.info//img/flags/small/tn_kr-flag.gif
90,PRK,https://www.worldometers.info//img/flags/small/tn_kn-flag.gif
91,KOR,https://www.worldometers.info//img/flags/small/tn_ks-flag.gif
92,KWT,https://www.worldometers.info//img/flags/small/tn_ku-flag.gif
93,KGZ,https://www.worldometers.info//img/flags/small/tn_kg-flag.gif
94,LAO,https://www.worldometers.info//img/flags/small/tn_la-flag.gif
95,LVA,https://www.worldometers.info//img/flags/small/tn_lg-flag.gif
96,LBN,https://www.worldometers.info//img/flags/small/tn_le-flag.gif
97,LSO,https://www.worldometers.info//img/flags/small/tn_lt-flag.gif
98,LBR,https://www.worldometers.info//img/flags/small/tn_li-flag.gif
99,LBY,https://www.worldometers.info//img/flags/small/tn_ly-flag.gif
100,LIE,https://www.worldometers.info//img/flags/small/tn_ls-flag.gif
101,LTU,https://www.worldometers.info//img/flags/small/tn_lh-flag.gif
102,LUX,https://www.worldometers.info//img/flags/small/tn_lu-flag.gif
103,MDG,https://www.worldometers.info//img/flags/small/tn_ma-flag.gif
104,MWI,https://www.worldometers.info//img/flags/small/tn_mi-flag.gif
105,MYS,https://www.worldometers.info//img/flags/small/tn_my-flag.gif
106,MDV,https://www.worldometers.info//img/flags/small/tn_mv-flag.gif
107,MLI,https://www.worldometers.info//img/flags/small/tn_ml-flag.gif
108,MLT,https://www.worldometers.info//img/flags/small/tn_mt-flag.gif
109,MHL,https://www.worldometers.info//img/flags/small/tn_rm-flag.gif
110,MRT,https://www.worldometers.info//img/flags/small/tn_mr-flag.gif
111,MUS,https://www.worldometers.info//img/flags/small/tn_mp-flag.gif
112,MEX,https://www.worldometers.info//img/flags/small/tn_mx-flag.gif
113,FSM,https://www.worldometers.info//img/flags/small/tn_fm-flag.gif
114,MDA,https://www.worldometers.info//img/flags/small/tn_md-flag.gif
115,MCO,https://www.worldometers.info//img/flags/small/tn_mn-flag.gif
116,MNG,https://www.worldometers.info//img/flags/small/tn_mg-flag.gif
117,MNE,https://www.worldometers.info//img/flags/small/tn_mj-flag.gif
118,MAR,https://www.worldometers.info//img/flags/small/tn_mo-flag.gif
119,MOZ,https://www.worldometers.info//img/flags/small/tn_mz-flag.gif
120,MMR,https://www.worldometers.info//img/flags/small/tn_bm-flag.gif
121,NAM,https://www.worldometers.info//img/flags/small/tn_wa-flag.gif
122,NRU,https://www.worldometers.info//img/flags/small/tn_nr-flag.gif
123,NPL,https://www.worldometers.info//img/flags/small/tn_np-flag.gif
124,NLD,https://www.worldometers.info//img/flags/small/tn_nl-flag.gif
125,NZL,https://www.worldometers.info//img/flags/small/tn_nz-flag.gif
126,NIC,https://www.worldometers.info//img/flags/small/tn_nu-flag.gif
127,NER,https://www.worldometers.info//img/flags/small/tn_ng-flag.gif
128,NGA,https://www.worldometers.info//img/flags/small/tn_ni-flag.gif
129,NOR,https://www.worldometers.info//img/flags/small/tn_no-flag.gif
130,OMN,https://www.worldometers.info//img/flags/small/tn_mu-flag.gif
131,PAK,https://www.worldometers.info//img/flags/small/tn_pk-flag.gif
132,PLW,https://www.worldometers.info//img/flags/small/tn_ps-flag.gif
133,PSE,https://www.worldometers.info//img/flags/small/tn_palestine-flag.gif
134,PAN,https://www.worldometers.info//img/flags/small/tn_pm-flag.gif
135,PNG,https://www.worldometers.info//img/flags/small/tn_pp-flag.gif
136,PRY,https://www.worldometers.info//img/flags/small/tn_pa-flag.gif
137,PER,https://www.worldometers.info//img/flags/small/tn_pe-flag.gif
138,PHL,https://www.worldometers.info//img/flags/small/tn_rp-flag.gif
139,POL,https://www.worldometers.info//img/flags/small/tn_pl-flag.gif
140,PRT,https://www.worldometers.info//img/flags/small/tn_po-flag.gif
141,QAT,https://www.worldometers.info//img/flags/small/tn_qa-flag.gif
142,MKD,https://www.worldometers.info//img/flags/small/tn_mk-flag.gif
143,ROU,https://www.worldometers.info//img/flags/small/tn_ro-flag.gif
144,RUS,https://www.worldometers.info//img/flags/small/tn_rs-flag.gif
145,RWA,https://www.worldometers.info//img/flags/small/tn_rw-flag.gif
146,KNA,https://www.worldometers.info//img/flags/small/tn_sc-flag.gif
147,LCA,https://www.worldometers.info//img/flags/small/tn_st-flag.gif
148,VCT,https://www.worldometers.info//img/flags/small/tn_vc-flag.gif
149,WSM,https://www.worldometers.info//img/flags/small/tn_ws-flag.gif
150,SMR,https://www.worldometers.info//img/flags/small/tn_sm-flag.gif
151,STP,https://www.worldometers.info//img/flags/small/tn_tp-flag.gif
152,SAU,https://www.worldometers.info//img/flags/small/tn_sa-flag.gif
153,SEN,https://www.worldometers.info//img/flags/small/tn_sg-flag.gif
154,SRB,https://www.worldometers.info//img/flags/small/tn_ri-flag.gif
155,SYC,https://www.worldometers.info//img/flags/small/tn_se-flag.gif
156,SLE,https://www.worldometers.info//img/flags/small/tn_sl-flag.gif
157,SGP,https://www.worldometers.info//img/flags/small/tn_sn-flag.gif
158,SVK,https://www.worldometers.info//img/flags/small/tn_lo-flag.gif
159,SVN,https://www.worldometers.info//img/flags/small/tn_si-flag.gif
160,SLB,https://www.worldometers.info//img/flags/small/tn_bp-flag.gif
161,SOM,https://www.worldometers.info//img/flags/small/tn_so-flag.gif
162,ZAF,https://www.worldometers.info//img/flags/small/tn_sf-flag.gif
163,SSD,https://www.worldometers.info//img/flags/small/tn_od-flag.gif
164,ESP,https://www.worldometers.info//img/flags/small/tn_sp-flag.gif
165,LKA,https://www.worldometers.info//img/flags/small/tn_ce-flag.gif
166,SDN,https://www.worldometers.info//img/flags/small/tn_su-flag.gif
167,SUR,https://www.worldometers.info//img/flags/small/tn_ns-flag.gif
168,SWE,https://www.worldometers.info//img/flags/small/tn_sw-flag.gif
169,CHE,https://www.worldometers.info//img/flags/small/tn_sz-flag.gif
170,SYR,https://www.worldometers.info//img/flags/small/tn_sy-flag.gif
171,TJK,https://www.worldometers.info//img/flags/small/tn_ti-flag.gif
172,TZA,https://www.worldometers.info//img/flags/small/tn_tz-flag.gif
173,THA,https://www.worldometers.info//img/flags/small/tn_th-flag.gif
174,TLS,https://www.worldometers.info//img/flags/small/tn_tt-flag.gif
175,TGO,https://www.worldometers.info//img/flags/small/tn_to-flag.gif
176,TON,https://www.worldometers.info//img/flags/small/tn_tn-flag.gif
177,TTO,https://www.worldometers.info//img/flags/small/tn_td-flag.gif
178,TUN,https://www.worldometers.info//img/flags/small/tn_ts-flag.gif
179,TUR,https://www.worldometers.info//img/flags/small/tn_tu-flag.gif
180,TKM,https://www.worldometers.info//img/flags/small/tn_tx-flag.gif
181,TUV,https://www.worldometers.info//img/flags/small/tn_tv-flag.gif
182,UGA,https://www.worldometers.info//img/flags/small/tn_ug-flag.gif
183,UKR,https://www.worldometers.info//img/flags/small/tn_up-flag.gif
184,ARE,https://www.worldometers.info//img/flags/small/tn_ae-flag.gif
185,GBR,https://www.worldometers.info//img/flags/small/tn_uk-flag.gif
186,USA,https://www.worldometers.info//img/flags/small/tn_us-flag.gif
187,URY,https://www.worldometers.info//img/flags/small/tn_uy-flag.gif
188,UZB,https://www.worldometers.info//img/flags/small/tn_uz-flag.gif
189,VUT,https://www.worldometers.info//img/flags/small/tn_nh-flag.gif
190,VEN,https://www.worldometers.info//img/flags/small/tn_ve-flag.gif
191,VNM,https://www.worldometers.info//img/flags/small/tn_vm-flag.gif
192,YEM,https://www.worldometers.info//img/flags/small/tn_ym-flag.gif
193,ZMB,https://www.worldometers.info//img/flags/small/tn_za-flag.gif
194,ZWE,https://www.worldometers.info//img/flags/small/tn_zi-flag.gif
